{"learner":{"attributes":{},"feature_names":[],"feature_types":[],"gradient_booster":{"model":{"gbtree_model_param":{"num_parallel_tree":"1","num_trees":"10"},"iteration_indptr":[0,1,2,3,4,5,6,7,8,9,10],"tree_info":[0,0,0,0,0,0,0,0,0,0],"trees":[{"base_weights":[6.339164E-5,-1.0667105E0,1.9111394E0,-1.6376429E0,4.2221445E-1],"categories":[],"categories_nodes":[],"categories_segments":[],"categories_sizes":[],"default_left":[0,0,0,0,0],"id":0,"left_children":[1,3,-1,-1,-1],"loss_changes":[6.712659E3,2.589642E3,0E0,0E0,0E0],"parents":[2147483647,0,0,1,1],"right_children":[2,4,-1,-1,-1],"split_conditions":[1E0,1E0,1.9111394E0,-1.6376429E0,4.2221445E-1],"split_indices":[1149,632,0,0,0],"split_type":[0,0,0,0,0],"sum_hessian":[3.2906406E3,2.1120972E3,1.1785433E3,1.7134283E3,3.9866895E2],"tree_param":{"num_deleted":"0","num_feature":"3514","num_nodes":"5","size_leaf_vector":"1"}},{"base_weights":[2.8319412E-1,3.0446104E-3,5.6329875E0,-5.1027703E-1,1.0290264E0],"categories":[],"categories_nodes":[],"categories_segments":[],"categories_sizes":[],"default_left":[0,0,0,0,0],"id":1,"left_children":[1,3,-1,-1,-1],"loss_changes":[2.7946196E3,9.342221E2,0E0,0E0,0E0],"parents":[2147483647,0,0,1,1],"right_children":[2,4,-1,-1,-1],"split_conditions":[1E0,1E0,5.6329875E0,-5.1027703E-1,1.0290264E0],"split_indices":[331,671,0,0,0],"split_type":[0,0,0,0,0],"sum_hessian":[1.8636554E3,1.7718695E3,9.178589E1,1.1813276E3,5.9054193E2],"tree_param":{"num_deleted":"0","num_feature":"3514","num_nodes":"5","size_leaf_vector":"1"}},{"base_weights":[6.842036E-2,-4.6904323E-1,1.5469913E0,-9.249268E-1,5.3897405E-1,1.1497084E0,1.752316E0],"categories":[],"categories_nodes":[],"categories_segments":[],"categories_sizes":[],"default_left":[0,0,0,0,0,0,0],"id":2,"left_children":[1,3,5,-1,-1,-1,-1],"loss_changes":[1.066024E3,6.295931E2,2.7156555E1,0E0,0E0,0E0,0E0],"parents":[2147483647,0,0,1,1,2,2],"right_children":[2,4,6,-1,-1,-1,-1],"split_conditions":[1E0,1E0,1E0,-9.249268E-1,5.3897405E-1,1.1497084E0,1.752316E0],"split_indices":[635,1149,1550,0,0,0,0],"split_type":[0,0,0,0,0,0,0],"sum_hessian":[1.3395408E3,9.829274E2,3.5661337E2,7.594511E2,2.2347632E2,1.2375637E2,2.32857E2],"tree_param":{"num_deleted":"0","num_feature":"3514","num_nodes":"7","size_leaf_vector":"1"}},{"base_weights":[1.427176E-1,6.0590494E-2,9.52973E0,-2.0843427E-1,1.0672238E0,4.7951603E0,1.3743305E1],"categories":[],"categories_nodes":[],"categories_segments":[],"categories_sizes":[],"default_left":[0,0,0,0,0,0,0],"id":3,"left_children":[1,3,5,-1,-1,-1,-1],"loss_changes":[5.831846E2,2.0377863E2,9.5253235E1,0E0,0E0,0E0,0E0],"parents":[2147483647,0,0,1,1,2,2],"right_children":[2,4,6,-1,-1,-1,-1],"split_conditions":[1E0,1E0,1E0,-2.0843427E-1,1.0672238E0,4.7951603E0,1.3743305E1],"split_indices":[3084,1530,1847,0,0,0,0],"split_type":[0,0,0,0,0,0,0],"sum_hessian":[7.562198E2,7.506587E2,5.5610695E0,5.929773E2,1.5768143E2,3.247433E0,2.3136363E0],"tree_param":{"num_deleted":"0","num_feature":"3514","num_nodes":"7","size_leaf_vector":"1"}},{"base_weights":[5.423051E-2,-1.5860976E-1,1.0495464E0,-6.803085E-1,4.454683E-1],"categories":[],"categories_nodes":[],"categories_segments":[],"categories_sizes":[],"default_left":[0,0,0,0,0],"id":4,"left_children":[1,3,-1,-1,-1],"loss_changes":[1.440042E2,2.2821466E2,0E0,0E0,0E0],"parents":[2147483647,0,0,1,1],"right_children":[2,4,-1,-1,-1],"split_conditions":[1E0,1E0,1.0495464E0,-6.803085E-1,4.454683E-1],"split_indices":[1149,632,0,0,0],"split_type":[0,0,0,0,0],"sum_hessian":[6.779818E2,5.592346E2,1.18747185E2,3.4053195E2,2.187027E2],"tree_param":{"num_deleted":"0","num_feature":"3514","num_nodes":"5","size_leaf_vector":"1"}},{"base_weights":[1.2627055E-1,-1.249169E-1,7.179237E-1,-3.7389073E-1,2.965034E-1,2.965034E-1,1.2071041E0],"categories":[],"categories_nodes":[],"categories_segments":[],"categories_sizes":[],"default_left":[0,0,0,0,0,0,0],"id":5,"left_children":[1,3,5,-1,-1,-1,-1],"loss_changes":[6.732182E1,6.2343918E1,4.4181725E1,0E0,0E0,0E0,0E0],"parents":[2147483647,0,0,1,1,2,2],"right_children":[2,4,6,-1,-1,-1,-1],"split_conditions":[1E0,1E0,1E0,-3.7389073E-1,2.965034E-1,2.965034E-1,1.2071041E0],"split_indices":[1550,331,632,0,0,0,0],"split_type":[0,0,0,0,0,0,0],"sum_hessian":[4.5138882E2,3.1741748E2,1.3397133E2,2.63739E2,5.367847E1,5.2674633E1,8.129669E1],"tree_param":{"num_deleted":"0","num_feature":"3514","num_nodes":"7","size_leaf_vector":"1"}},{"base_weights":[1.484485E-1,-4.1723713E-2,7.498489E-1,-2.3256466E-1,3.540626E-1,3.540626E-1,2.2514167E0],"categories":[],"categories_nodes":[],"categories_segments":[],"categories_sizes":[],"default_left":[0,0,0,0,0,0,0],"id":6,"left_children":[1,3,5,-1,-1,-1,-1],"loss_changes":[4.3145058E1,3.933328E1,6.103358E1,0E0,0E0,0E0,0E0],"parents":[2147483647,0,0,1,1,2,2],"right_children":[2,4,6,-1,-1,-1,-1],"split_conditions":[1E0,1E0,1E0,-2.3256466E-1,3.540626E-1,3.540626E-1,2.2514167E0],"split_indices":[671,331,1530,0,0,0,0],"split_type":[0,0,0,0,0,0,0],"sum_hessian":[3.759687E2,2.863507E2,8.961795E1,2.4446199E2,4.1888733E1,6.968602E1,1.9931929E1],"tree_param":{"num_deleted":"0","num_feature":"3514","num_nodes":"7","size_leaf_vector":"1"}},{"base_weights":[1.0073779E-1,-7.1510603E-3,1.0302767E0,-3.1802663E-1,5.115628E-1],"categories":[],"categories_nodes":[],"categories_segments":[],"categories_sizes":[],"default_left":[0,0,0,0,0],"id":7,"left_children":[1,3,-1,-1,-1],"loss_changes":[3.516791E1,5.4116623E1,0E0,0E0,0E0],"parents":[2147483647,0,0,1,1],"right_children":[2,4,-1,-1,-1],"split_conditions":[1E0,1E0,1.0302767E0,-3.1802663E-1,5.115628E-1],"split_indices":[1149,634,0,0,0],"split_type":[0,0,0,0,0],"sum_hessian":[3.4959967E2,3.1413162E2,3.546803E1,2.0121614E2,1.1291549E2],"tree_param":{"num_deleted":"0","num_feature":"3514","num_nodes":"5","size_leaf_vector":"1"}},{"base_weights":[7.7377774E-2,-8.895555E-2,1.0480589E0,-1.757286E-1,4.7955167E-1],"categories":[],"categories_nodes":[],"categories_segments":[],"categories_sizes":[],"default_left":[0,0,0,0,0],"id":8,"left_children":[1,3,-1,-1,-1],"loss_changes":[4.5931267E1,1.8607533E1,0E0,0E0,0E0],"parents":[2147483647,0,0,1,1],"right_children":[2,4,-1,-1,-1],"split_conditions":[1E0,1E0,1.0480589E0,-1.757286E-1,4.7955167E-1],"split_indices":[331,1242,0,0,0],"split_type":[0,0,0,0,0],"sum_hessian":[2.829031E2,2.4229282E2,4.0610294E1,2.259949E2,1.6297907E1],"tree_param":{"num_deleted":"0","num_feature":"3514","num_nodes":"5","size_leaf_vector":"1"}},{"base_weights":[1.08875774E-1,8.067722E-2,2.741328E0,1.5582451E-2,9.6627027E-1],"categories":[],"categories_nodes":[],"categories_segments":[],"categories_sizes":[],"default_left":[0,0,0,0,0],"id":9,"left_children":[1,3,-1,-1,-1],"loss_changes":[1.8462074E1,1.4399815E1,0E0,0E0,0E0],"parents":[2147483647,0,0,1,1],"right_children":[2,4,-1,-1,-1],"split_conditions":[1E0,1E0,2.741328E0,1.5582451E-2,9.6627027E-1],"split_indices":[2885,1149,0,0,0],"split_type":[0,0,0,0,0],"sum_hessian":[2.5068927E2,2.490521E2,1.6371733E0,2.3294711E2,1.6104984E1],"tree_param":{"num_deleted":"0","num_feature":"3514","num_nodes":"5","size_leaf_vector":"1"}}]},"name":"gbtree"},"learner_model_param":{"base_score":"5.228045E-1","boost_from_average":"1","num_class":"0","num_feature":"3514","num_target":"1"},"objective":{"name":"binary:logistic","reg_loss_param":{"scale_pos_weight":"1"}}},"version":[2,0,2]}